Iteration,Method,Time_ms,Residual
1,Jacobi,2.26647,11.1636
1,GaussSeidel,1.57722,7.44489
1,SymmetricGS,2.07269,2.48022
1,SymmetricGS_Chebyshev,29.8253,2.48022
2,Jacobi,1.29016,5.57688
2,GaussSeidel,1.00264,2.47913
2,SymmetricGS,1.75611,0.275337
2,SymmetricGS_Chebyshev,29.7825,20.9488
3,Jacobi,1.94398,2.78651
3,GaussSeidel,1.59902,0.825632
3,SymmetricGS,2.66196,0.030572
3,SymmetricGS_Chebyshev,30.4512,6.76636
4,Jacobi,2.59442,1.39243
4,GaussSeidel,1.94666,0.27498
4,SymmetricGS,3.60995,0.00339492
4,SymmetricGS_Chebyshev,31.4437,17.2806
5,Jacobi,3.26392,0.695853
5,GaussSeidel,2.48325,0.0915859
5,SymmetricGS,4.37578,0.00037702
5,SymmetricGS_Chebyshev,32.2294,9.42506
6,Jacobi,3.84742,0.347761
6,GaussSeidel,2.92653,0.0305047
6,SymmetricGS,5.30666,4.18717e-05
6,SymmetricGS_Chebyshev,33.4317,12.616
7,Jacobi,4.47743,0.173804
7,GaussSeidel,3.45077,0.0101604
7,SymmetricGS,6.16295,4.65044e-06
7,SymmetricGS_Chebyshev,34.6484,10.2963
8,Jacobi,5.33866,0.0868664
8,GaussSeidel,3.96247,0.0033842
8,SymmetricGS,7.02921,5.16511e-07
8,SymmetricGS_Chebyshev,35.0509,8.11571
9,Jacobi,5.80673,0.0434164
9,GaussSeidel,4.42985,0.00112722
9,SymmetricGS,7.9559,5.73688e-08
9,SymmetricGS_Chebyshev,36.1647,9.78972
10,Jacobi,6.68381,0.0217003
10,GaussSeidel,4.95116,0.000375456
10,SymmetricGS,8.81912,6.37207e-09
10,SymmetricGS_Chebyshev,36.6677,4.43628
11,Jacobi,7.10765,0.0108463
11,GaussSeidel,5.4125,0.000125059
11,SymmetricGS,9.65698,7.0777e-10
11,SymmetricGS_Chebyshev,37.4287,8.47686
12,Jacobi,7.68879,0.00542136
12,GaussSeidel,5.91829,4.16551e-05
12,SymmetricGS,10.5229,7.86165e-11
12,SymmetricGS_Chebyshev,38.4919,1.77507
13,Jacobi,8.39828,0.00270981
13,GaussSeidel,6.42628,1.38747e-05
13,SymmetricGS,11.4605,8.73351e-12
13,SymmetricGS_Chebyshev,39.4554,6.84006
14,Jacobi,8.98034,0.00135449
14,GaussSeidel,7.05441,4.62149e-06
14,SymmetricGS,12.4427,9.72821e-13
14,SymmetricGS_Chebyshev,40.7119,0.292704
15,Jacobi,9.69883,0.000677042
15,GaussSeidel,7.38715,1.53936e-06
15,SymmetricGS,13.2739,1.08326e-13
15,SymmetricGS_Chebyshev,43.5224,5.20112
16,Jacobi,10.3567,0.000338423
16,GaussSeidel,7.84787,5.12741e-07
16,SymmetricGS,14.0543,1.456e-14
16,SymmetricGS_Chebyshev,42.4294,1.05057
17,Jacobi,10.9164,0.000169164
17,GaussSeidel,8.40447,1.70788e-07
17,SymmetricGS,14.9284,4.7817e-15
17,SymmetricGS_Chebyshev,43.022,3.73906
18,Jacobi,11.698,8.4559e-05
18,GaussSeidel,8.85314,5.68873e-08
18,SymmetricGS,15.9381,5.66105e-16
18,SymmetricGS_Chebyshev,44.133,1.51439
19,Jacobi,12.3917,4.22683e-05
19,GaussSeidel,9.32747,1.89485e-08
19,SymmetricGS,16.9694,5.66105e-16
19,SymmetricGS_Chebyshev,44.7298,2.53153
20,Jacobi,12.7815,2.11287e-05
20,GaussSeidel,9.77048,6.31152e-09
20,SymmetricGS,17.9314,5.66105e-16
20,SymmetricGS_Chebyshev,45.8176,1.63349
21,Jacobi,13.4303,1.05617e-05
21,GaussSeidel,10.288,2.1023e-09
21,SymmetricGS,18.4488,5.66105e-16
21,SymmetricGS_Chebyshev,46.7216,1.59282
22,Jacobi,14.0916,5.27953e-06
22,GaussSeidel,11.0791,7.00249e-10
22,SymmetricGS,19.4309,5.66105e-16
22,SymmetricGS_Chebyshev,48.0463,1.54034
23,Jacobi,14.7878,2.63913e-06
23,GaussSeidel,11.3923,2.33246e-10
23,SymmetricGS,20.1531,5.66105e-16
23,SymmetricGS_Chebyshev,48.4715,0.901908
24,Jacobi,15.7242,1.31925e-06
24,GaussSeidel,11.8512,7.76916e-11
24,SymmetricGS,21.0302,5.66105e-16
24,SymmetricGS_Chebyshev,49.538,1.3352
25,Jacobi,16.0905,6.59474e-07
25,GaussSeidel,11.8124,7.76916e-11
25,SymmetricGS,21.9871,5.66105e-16
25,SymmetricGS_Chebyshev,50.1686,0.421341
26,Jacobi,16.8094,3.29662e-07
26,GaussSeidel,11.8502,7.76916e-11
26,SymmetricGS,22.862,5.66105e-16
26,SymmetricGS_Chebyshev,51.5869,1.08677
27,Jacobi,17.3418,1.64794e-07
27,GaussSeidel,11.8123,7.76916e-11
27,SymmetricGS,23.71,5.66105e-16
27,SymmetricGS_Chebyshev,51.8501,0.11146
28,Jacobi,18.3287,8.23791e-08
28,GaussSeidel,11.7324,7.76916e-11
28,SymmetricGS,24.6199,5.66105e-16
28,SymmetricGS_Chebyshev,52.9165,0.838422
29,Jacobi,18.7223,4.11807e-08
29,GaussSeidel,11.7825,7.76916e-11
29,SymmetricGS,25.4261,5.66105e-16
29,SymmetricGS_Chebyshev,53.8736,0.0905622
30,Jacobi,19.3099,2.0586e-08
30,GaussSeidel,11.8825,7.76916e-11
30,SymmetricGS,26.4204,5.66105e-16
30,SymmetricGS_Chebyshev,54.9084,0.614738
31,Jacobi,20.2705,1.02908e-08
31,GaussSeidel,11.7918,7.76916e-11
31,SymmetricGS,27.3463,5.66105e-16
31,SymmetricGS_Chebyshev,55.6532,0.184847
32,Jacobi,20.6803,5.14437e-09
32,GaussSeidel,11.8057,7.76916e-11
32,SymmetricGS,27.9418,5.66105e-16
32,SymmetricGS_Chebyshev,57.0078,0.427207
33,Jacobi,21.3168,2.57166e-09
33,GaussSeidel,11.8044,7.76916e-11
33,SymmetricGS,29.0839,5.66105e-16
33,SymmetricGS_Chebyshev,57.5502,0.221623
34,Jacobi,22.3193,1.28558e-09
34,GaussSeidel,11.9021,7.76916e-11
34,SymmetricGS,29.9253,5.66105e-16
34,SymmetricGS_Chebyshev,58.6006,0.278756
35,Jacobi,22.484,6.42662e-10
35,GaussSeidel,11.7465,7.76916e-11
35,SymmetricGS,31.0769,5.66105e-16
35,SymmetricGS_Chebyshev,59.446,0.220724
36,Jacobi,23.1844,3.21269e-10
36,GaussSeidel,11.8897,7.76916e-11
36,SymmetricGS,31.9467,5.66105e-16
36,SymmetricGS_Chebyshev,60.3093,0.167189
37,Jacobi,23.8722,1.60604e-10
37,GaussSeidel,11.7713,7.76916e-11
37,SymmetricGS,32.5414,5.66105e-16
37,SymmetricGS_Chebyshev,61.3894,0.198417
38,Jacobi,24.5487,8.02867e-11
38,GaussSeidel,11.8098,7.76916e-11
38,SymmetricGS,33.7762,5.66105e-16
38,SymmetricGS_Chebyshev,62.4226,0.0876651
39,Jacobi,25.2561,4.01358e-11
39,GaussSeidel,11.8416,7.76916e-11
39,SymmetricGS,34.3738,5.66105e-16
39,SymmetricGS_Chebyshev,63.0549,0.166153
40,Jacobi,25.7569,2.00643e-11
40,GaussSeidel,11.8276,7.76916e-11
40,SymmetricGS,35.1798,5.66105e-16
40,SymmetricGS_Chebyshev,64.1329,0.0345783
41,Jacobi,26.4664,1.00303e-11
41,GaussSeidel,11.7796,7.76916e-11
41,SymmetricGS,36.0562,5.66105e-16
41,SymmetricGS_Chebyshev,64.8438,0.131432
42,Jacobi,27.3814,5.01425e-12
42,GaussSeidel,11.7935,7.76916e-11
42,SymmetricGS,36.8468,5.66105e-16
42,SymmetricGS_Chebyshev,65.4451,0.00842347
43,Jacobi,28.6261,2.50675e-12
43,GaussSeidel,11.8272,7.76916e-11
43,SymmetricGS,37.9604,5.66105e-16
43,SymmetricGS_Chebyshev,66.4689,0.0987529
44,Jacobi,28.6465,1.25313e-12
44,GaussSeidel,11.9104,7.76916e-11
44,SymmetricGS,38.7394,5.66105e-16
44,SymmetricGS_Chebyshev,67.219,0.0208602
45,Jacobi,28.939,6.26424e-13
45,GaussSeidel,11.8665,7.76916e-11
45,SymmetricGS,39.5577,5.66105e-16
45,SymmetricGS_Chebyshev,69.0632,0.0704659
46,Jacobi,29.6863,3.1324e-13
46,GaussSeidel,11.8524,7.76916e-11
46,SymmetricGS,40.5063,5.66105e-16
46,SymmetricGS_Chebyshev,69.2905,0.029055
47,Jacobi,30.3241,1.56611e-13
47,GaussSeidel,11.8601,7.76916e-11
47,SymmetricGS,41.2507,5.66105e-16
47,SymmetricGS_Chebyshev,70.1903,0.0474685
48,Jacobi,31.2211,7.82988e-14
48,GaussSeidel,11.9068,7.76916e-11
48,SymmetricGS,42.0519,5.66105e-16
48,SymmetricGS_Chebyshev,71.6213,0.0310059
49,Jacobi,31.9622,3.91397e-14
49,GaussSeidel,11.7624,7.76916e-11
49,SymmetricGS,43.2091,5.66105e-16
49,SymmetricGS_Chebyshev,71.7769,0.0297472
50,Jacobi,32.5373,1.95825e-14
50,GaussSeidel,11.8172,7.76916e-11
50,SymmetricGS,44.0307,5.66105e-16
50,SymmetricGS_Chebyshev,74.5652,0.0290822
51,Jacobi,33.6261,9.80899e-15
51,GaussSeidel,11.8568,7.76916e-11
51,SymmetricGS,45.063,5.66105e-16
51,SymmetricGS_Chebyshev,73.7648,0.0167744
52,Jacobi,33.7638,7.15039e-15
52,GaussSeidel,11.8092,7.76916e-11
52,SymmetricGS,45.7643,5.66105e-16
52,SymmetricGS_Chebyshev,74.6221,0.0251271
53,Jacobi,34.1478,4.82532e-15
53,GaussSeidel,11.7858,7.76916e-11
53,SymmetricGS,46.838,5.66105e-16
53,SymmetricGS_Chebyshev,75.9061,0.00779075
54,Jacobi,34.8044,1.02358e-15
54,GaussSeidel,11.8588,7.76916e-11
54,SymmetricGS,47.6316,5.66105e-16
54,SymmetricGS_Chebyshev,76.5031,0.0204048
55,Jacobi,35.3472,7.1089e-16
55,GaussSeidel,11.7885,7.76916e-11
55,SymmetricGS,48.4538,5.66105e-16
55,SymmetricGS_Chebyshev,77.266,0.00206326
56,Jacobi,36.2688,6.56817e-16
56,GaussSeidel,11.8332,7.76916e-11
56,SymmetricGS,49.3531,5.66105e-16
56,SymmetricGS_Chebyshev,79.1209,0.0157125
57,Jacobi,36.7942,5.66105e-16
57,GaussSeidel,11.8081,7.76916e-11
57,SymmetricGS,50.1155,5.66105e-16
57,SymmetricGS_Chebyshev,79.856,0.00183193
58,Jacobi,37.8594,5.66105e-16
58,GaussSeidel,11.9407,7.76916e-11
58,SymmetricGS,51.1818,5.66105e-16
58,SymmetricGS_Chebyshev,80.1379,0.0115007
59,Jacobi,37.8904,5.66105e-16
59,GaussSeidel,11.7384,7.76916e-11
59,SymmetricGS,51.896,5.66105e-16
59,SymmetricGS_Chebyshev,81.776,0.00354082
60,Jacobi,39.0439,5.66105e-16
60,GaussSeidel,11.7476,7.76916e-11
60,SymmetricGS,53.0308,5.66105e-16
60,SymmetricGS_Chebyshev,81.974,0.00797779
61,Jacobi,39.4538,5.66105e-16
61,GaussSeidel,11.7982,7.76916e-11
61,SymmetricGS,53.8017,5.66105e-16
61,SymmetricGS_Chebyshev,82.8682,0.0042017
62,Jacobi,40.9787,5.66105e-16
62,GaussSeidel,11.8228,7.76916e-11
62,SymmetricGS,54.4641,5.66105e-16
62,SymmetricGS_Chebyshev,83.7656,0.00519405
63,Jacobi,40.6009,5.66105e-16
63,GaussSeidel,11.7907,7.76916e-11
63,SymmetricGS,55.403,5.66105e-16
63,SymmetricGS_Chebyshev,85.3947,0.00416597
64,Jacobi,41.2152,5.66105e-16
64,GaussSeidel,11.7838,7.76916e-11
64,SymmetricGS,56.2149,5.66105e-16
64,SymmetricGS_Chebyshev,85.9053,0.00310533
65,Jacobi,41.8363,5.66105e-16
65,GaussSeidel,11.842,7.76916e-11
65,SymmetricGS,57.207,5.66105e-16
65,SymmetricGS_Chebyshev,86.6685,0.00373492
66,Jacobi,42.7416,5.66105e-16
66,GaussSeidel,11.7298,7.76916e-11
66,SymmetricGS,57.8194,5.66105e-16
66,SymmetricGS_Chebyshev,87.2806,0.00161905
67,Jacobi,43.0546,5.66105e-16
67,GaussSeidel,11.7801,7.76916e-11
67,SymmetricGS,59.1389,5.66105e-16
67,SymmetricGS_Chebyshev,88.505,0.00312156
68,Jacobi,43.9955,5.66105e-16
68,GaussSeidel,11.9265,7.76916e-11
68,SymmetricGS,60.0491,5.66105e-16
68,SymmetricGS_Chebyshev,89.1214,0.000629249
69,Jacobi,44.4721,5.66105e-16
69,GaussSeidel,11.8156,7.76916e-11
69,SymmetricGS,60.6248,5.66105e-16
69,SymmetricGS_Chebyshev,90.1339,0.00246531
70,Jacobi,45.3113,5.66105e-16
70,GaussSeidel,11.8362,7.76916e-11
70,SymmetricGS,61.5303,5.66105e-16
70,SymmetricGS_Chebyshev,91.1041,0.000158825
71,Jacobi,45.768,5.66105e-16
71,GaussSeidel,11.7223,7.76916e-11
71,SymmetricGS,62.6159,5.66105e-16
71,SymmetricGS_Chebyshev,91.6332,0.0018496
72,Jacobi,47.026,5.66105e-16
72,GaussSeidel,11.7995,7.76916e-11
72,SymmetricGS,63.5166,5.66105e-16
72,SymmetricGS_Chebyshev,92.4117,0.000400958
73,Jacobi,47.2775,5.66105e-16
73,GaussSeidel,11.8328,7.76916e-11
73,SymmetricGS,64.1988,5.66105e-16
73,SymmetricGS_Chebyshev,93.4233,0.0013178
74,Jacobi,47.757,5.66105e-16
74,GaussSeidel,11.7757,7.76916e-11
74,SymmetricGS,65.1887,5.66105e-16
74,SymmetricGS_Chebyshev,94.4816,0.000551806
75,Jacobi,48.2415,5.66105e-16
75,GaussSeidel,11.8444,7.76916e-11
75,SymmetricGS,65.8729,5.66105e-16
75,SymmetricGS_Chebyshev,95.3748,0.000886195
76,Jacobi,49.8246,5.66105e-16
76,GaussSeidel,11.8124,7.76916e-11
76,SymmetricGS,66.839,5.66105e-16
76,SymmetricGS_Chebyshev,96.6058,0.000585897
77,Jacobi,50.0919,5.66105e-16
77,GaussSeidel,11.7882,7.76916e-11
77,SymmetricGS,67.9958,5.66105e-16
77,SymmetricGS_Chebyshev,97.4128,0.000554136
78,Jacobi,50.3448,5.66105e-16
78,GaussSeidel,11.7989,7.76916e-11
78,SymmetricGS,68.802,5.66105e-16
78,SymmetricGS_Chebyshev,98.284,0.000547949
79,Jacobi,50.8055,5.66105e-16
79,GaussSeidel,11.797,7.76916e-11
79,SymmetricGS,69.7754,5.66105e-16
79,SymmetricGS_Chebyshev,99.3092,0.000311471
80,Jacobi,51.5327,5.66105e-16
80,GaussSeidel,11.8257,7.76916e-11
80,SymmetricGS,70.653,5.66105e-16
80,SymmetricGS_Chebyshev,99.7805,0.000472465
81,Jacobi,52.1148,5.66105e-16
81,GaussSeidel,11.7864,7.76916e-11
81,SymmetricGS,71.2775,5.66105e-16
81,SymmetricGS_Chebyshev,100.553,0.000143853
82,Jacobi,53.0632,5.66105e-16
82,GaussSeidel,12.2579,7.76916e-11
82,SymmetricGS,72.1352,5.66105e-16
82,SymmetricGS_Chebyshev,102.113,0.000383046
83,Jacobi,53.455,5.66105e-16
83,GaussSeidel,11.7697,7.76916e-11
83,SymmetricGS,73.2988,5.66105e-16
83,SymmetricGS_Chebyshev,102.681,3.81768e-05
84,Jacobi,55.1678,5.66105e-16
84,GaussSeidel,11.8684,7.76916e-11
84,SymmetricGS,73.9796,5.66105e-16
84,SymmetricGS_Chebyshev,103.458,0.000294531
85,Jacobi,55.0616,5.66105e-16
85,GaussSeidel,11.745,7.76916e-11
85,SymmetricGS,74.7487,5.66105e-16
85,SymmetricGS_Chebyshev,104.36,3.67515e-05
86,Jacobi,55.7684,5.66105e-16
86,GaussSeidel,12.1515,7.76916e-11
86,SymmetricGS,76.2102,5.66105e-16
86,SymmetricGS_Chebyshev,106.266,0.000215273
87,Jacobi,56.3145,5.66105e-16
87,GaussSeidel,11.9555,7.76916e-11
87,SymmetricGS,76.4841,5.66105e-16
87,SymmetricGS_Chebyshev,106.355,6.78004e-05
88,Jacobi,57.1729,5.66105e-16
88,GaussSeidel,12.2396,7.76916e-11
88,SymmetricGS,77.8296,5.66105e-16
88,SymmetricGS_Chebyshev,107.037,0.0001491
89,Jacobi,57.2448,5.66105e-16
89,GaussSeidel,11.9675,7.76916e-11
89,SymmetricGS,78.2738,5.66105e-16
89,SymmetricGS_Chebyshev,107.619,7.96626e-05
90,Jacobi,58.4603,5.66105e-16
90,GaussSeidel,11.83,7.76916e-11
90,SymmetricGS,79.3604,5.66105e-16
90,SymmetricGS_Chebyshev,109.439,9.68951e-05
91,Jacobi,58.965,5.66105e-16
91,GaussSeidel,11.7541,7.76916e-11
91,SymmetricGS,79.9391,5.66105e-16
91,SymmetricGS_Chebyshev,109.881,7.86374e-05
92,Jacobi,59.4918,5.66105e-16
92,GaussSeidel,11.8026,7.76916e-11
92,SymmetricGS,81.0761,5.66105e-16
92,SymmetricGS_Chebyshev,111.72,5.77882e-05
93,Jacobi,60.327,5.66105e-16
93,GaussSeidel,11.7336,7.76916e-11
93,SymmetricGS,81.6881,5.66105e-16
93,SymmetricGS_Chebyshev,111.974,7.0312e-05
94,Jacobi,60.876,5.66105e-16
94,GaussSeidel,11.7097,7.76916e-11
94,SymmetricGS,82.4964,5.66105e-16
94,SymmetricGS_Chebyshev,113.238,3.00179e-05
95,Jacobi,60.8496,5.66105e-16
95,GaussSeidel,11.7241,7.76916e-11
95,SymmetricGS,83.6949,5.66105e-16
95,SymmetricGS_Chebyshev,113.514,5.86501e-05
96,Jacobi,62.2602,5.66105e-16
96,GaussSeidel,11.8809,7.76916e-11
96,SymmetricGS,84.7089,5.66105e-16
96,SymmetricGS_Chebyshev,117.409,1.16123e-05
97,Jacobi,62.3891,5.66105e-16
97,GaussSeidel,11.8272,7.76916e-11
97,SymmetricGS,85.6503,5.66105e-16
97,SymmetricGS_Chebyshev,114.921,4.62441e-05
98,Jacobi,63.1988,5.66105e-16
98,GaussSeidel,11.7817,7.76916e-11
98,SymmetricGS,86.253,5.66105e-16
98,SymmetricGS_Chebyshev,115.918,3.3398e-06
99,Jacobi,63.8003,5.66105e-16
99,GaussSeidel,11.8276,7.76916e-11
99,SymmetricGS,87.4129,5.66105e-16
99,SymmetricGS_Chebyshev,116.671,3.46418e-05
100,Jacobi,64.9561,5.66105e-16
100,GaussSeidel,11.794,7.76916e-11
100,SymmetricGS,87.7813,5.66105e-16
100,SymmetricGS_Chebyshev,118.556,7.76755e-06
101,Jacobi,65.5787,5.66105e-16
101,GaussSeidel,11.7618,7.76916e-11
101,SymmetricGS,88.7618,5.66105e-16
101,SymmetricGS_Chebyshev,118.927,2.46424e-05
102,Jacobi,66.6312,5.66105e-16
102,GaussSeidel,11.791,7.76916e-11
102,SymmetricGS,89.5568,5.66105e-16
102,SymmetricGS_Chebyshev,119.395,1.04999e-05
103,Jacobi,66.6178,5.66105e-16
103,GaussSeidel,11.8769,7.76916e-11
103,SymmetricGS,90.9221,5.66105e-16
103,SymmetricGS_Chebyshev,121.694,1.65414e-05
104,Jacobi,67.4429,5.66105e-16
104,GaussSeidel,11.8579,7.76916e-11
104,SymmetricGS,91.4713,5.66105e-16
104,SymmetricGS_Chebyshev,121.911,1.10789e-05
105,Jacobi,68.2949,5.66105e-16
105,GaussSeidel,11.7593,7.76916e-11
105,SymmetricGS,92.3144,5.66105e-16
105,SymmetricGS_Chebyshev,122.448,1.03188e-05
106,Jacobi,69.0857,5.66105e-16
106,GaussSeidel,11.7852,7.76916e-11
106,SymmetricGS,93.3066,5.66105e-16
106,SymmetricGS_Chebyshev,123.445,1.03266e-05
107,Jacobi,69.5197,5.66105e-16
107,GaussSeidel,11.7486,7.76916e-11
107,SymmetricGS,94.3376,5.66105e-16
107,SymmetricGS_Chebyshev,124.069,5.7793e-06
108,Jacobi,69.4825,5.66105e-16
108,GaussSeidel,11.7969,7.76916e-11
108,SymmetricGS,94.964,5.66105e-16
108,SymmetricGS_Chebyshev,125.277,8.88378e-06
109,Jacobi,70.0517,5.66105e-16
109,GaussSeidel,11.7788,7.76916e-11
109,SymmetricGS,95.8494,5.66105e-16
109,SymmetricGS_Chebyshev,125.939,2.65133e-06
110,Jacobi,70.8218,5.66105e-16
110,GaussSeidel,11.8314,7.76916e-11
110,SymmetricGS,97.3218,5.66105e-16
110,SymmetricGS_Chebyshev,126.808,7.1895e-06
111,Jacobi,71.688,5.66105e-16
111,GaussSeidel,11.8699,7.76916e-11
111,SymmetricGS,97.4809,5.66105e-16
111,SymmetricGS_Chebyshev,127.626,6.99704e-07
112,Jacobi,71.8879,5.66105e-16
112,GaussSeidel,11.9,7.76916e-11
112,SymmetricGS,98.7143,5.66105e-16
112,SymmetricGS_Chebyshev,128.58,5.51929e-06
113,Jacobi,73.0289,5.66105e-16
113,GaussSeidel,11.8087,7.76916e-11
113,SymmetricGS,99.4378,5.66105e-16
113,SymmetricGS_Chebyshev,130.201,7.28748e-07
114,Jacobi,73.2214,5.66105e-16
114,GaussSeidel,11.7668,7.76916e-11
114,SymmetricGS,100.428,5.66105e-16
114,SymmetricGS_Chebyshev,130.789,4.02762e-06
115,Jacobi,74.4368,5.66105e-16
115,GaussSeidel,11.8239,7.76916e-11
115,SymmetricGS,101.057,5.66105e-16
115,SymmetricGS_Chebyshev,131.582,1.29661e-06
116,Jacobi,78.0699,5.66105e-16
116,GaussSeidel,13.1142,7.76916e-11
116,SymmetricGS,102.119,5.66105e-16
116,SymmetricGS_Chebyshev,132.576,2.78464e-06
117,Jacobi,75.9691,5.66105e-16
117,GaussSeidel,11.7833,7.76916e-11
117,SymmetricGS,102.826,5.66105e-16
117,SymmetricGS_Chebyshev,133.44,1.50986e-06
118,Jacobi,75.9414,5.66105e-16
118,GaussSeidel,11.7945,7.76916e-11
118,SymmetricGS,104.216,5.66105e-16
118,SymmetricGS_Chebyshev,134.125,1.80568e-06
119,Jacobi,77.7768,5.66105e-16
119,GaussSeidel,11.9272,7.76916e-11
119,SymmetricGS,104.943,5.66105e-16
119,SymmetricGS_Chebyshev,135.747,1.48419e-06
120,Jacobi,77.2092,5.66105e-16
120,GaussSeidel,11.8481,7.76916e-11
120,SymmetricGS,105.565,5.66105e-16
120,SymmetricGS_Chebyshev,137.022,1.07353e-06
121,Jacobi,78.1104,5.66105e-16
121,GaussSeidel,11.8027,7.76916e-11
121,SymmetricGS,106.845,5.66105e-16
121,SymmetricGS_Chebyshev,136.926,1.3236e-06
122,Jacobi,79.7711,5.66105e-16
122,GaussSeidel,11.883,7.76916e-11
122,SymmetricGS,107.534,5.66105e-16
122,SymmetricGS_Chebyshev,138.138,5.54607e-07
123,Jacobi,79.4558,5.66105e-16
123,GaussSeidel,11.871,7.76916e-11
123,SymmetricGS,108.324,5.66105e-16
123,SymmetricGS_Chebyshev,138.846,1.10193e-06
124,Jacobi,80.1593,5.66105e-16
124,GaussSeidel,11.8408,7.76916e-11
124,SymmetricGS,109.009,5.66105e-16
124,SymmetricGS_Chebyshev,139.452,2.11897e-07
125,Jacobi,81.0006,5.66105e-16
125,GaussSeidel,11.9834,7.76916e-11
125,SymmetricGS,110.097,5.66105e-16
125,SymmetricGS_Chebyshev,140.882,8.67423e-07
126,Jacobi,81.3859,5.66105e-16
126,GaussSeidel,11.7925,7.76916e-11
126,SymmetricGS,111.237,5.66105e-16
126,SymmetricGS_Chebyshev,142.388,6.55533e-08
127,Jacobi,82.1463,5.66105e-16
127,GaussSeidel,11.8341,7.76916e-11
127,SymmetricGS,112.05,5.66105e-16
127,SymmetricGS_Chebyshev,141.731,6.4879e-07
128,Jacobi,82.8178,5.66105e-16
128,GaussSeidel,11.8665,7.76916e-11
128,SymmetricGS,112.421,5.66105e-16
128,SymmetricGS_Chebyshev,143.357,1.49649e-07
129,Jacobi,83.5638,5.66105e-16
129,GaussSeidel,11.7501,7.76916e-11
129,SymmetricGS,113.431,5.66105e-16
129,SymmetricGS_Chebyshev,143.512,4.60775e-07
130,Jacobi,84.3155,5.66105e-16
130,GaussSeidel,11.7456,7.76916e-11
130,SymmetricGS,114.841,5.66105e-16
130,SymmetricGS_Chebyshev,145.124,1.99616e-07
131,Jacobi,84.6329,5.66105e-16
131,GaussSeidel,11.819,7.76916e-11
131,SymmetricGS,115.699,5.66105e-16
131,SymmetricGS_Chebyshev,146.016,3.08721e-07
132,Jacobi,85.3842,5.66105e-16
132,GaussSeidel,11.9475,7.76916e-11
132,SymmetricGS,116.046,5.66105e-16
132,SymmetricGS_Chebyshev,146.905,2.09486e-07
133,Jacobi,86.4585,5.66105e-16
133,GaussSeidel,11.9865,7.76916e-11
133,SymmetricGS,117.427,5.66105e-16
133,SymmetricGS_Chebyshev,147.662,1.92117e-07
134,Jacobi,86.1051,5.66105e-16
134,GaussSeidel,12.0287,7.76916e-11
134,SymmetricGS,117.809,5.66105e-16
134,SymmetricGS_Chebyshev,147.895,1.94655e-07
135,Jacobi,86.8107,5.66105e-16
135,GaussSeidel,11.7765,7.76916e-11
135,SymmetricGS,118.932,5.66105e-16
135,SymmetricGS_Chebyshev,150.901,1.07199e-07
136,Jacobi,88.3752,5.66105e-16
136,GaussSeidel,11.8449,7.76916e-11
136,SymmetricGS,120.054,5.66105e-16
136,SymmetricGS_Chebyshev,150.268,1.67098e-07
137,Jacobi,89.1404,5.66105e-16
137,GaussSeidel,11.7555,7.76916e-11
137,SymmetricGS,120.387,5.66105e-16
137,SymmetricGS_Chebyshev,151.037,4.88326e-08
138,Jacobi,89.0289,5.66105e-16
138,GaussSeidel,12.1554,7.76916e-11
138,SymmetricGS,121.159,5.66105e-16
138,SymmetricGS_Chebyshev,152.627,1.34997e-07
139,Jacobi,89.4823,5.66105e-16
139,GaussSeidel,11.9448,7.76916e-11
139,SymmetricGS,122.252,5.66105e-16
139,SymmetricGS_Chebyshev,153.52,1.28286e-08
140,Jacobi,90.5412,5.66105e-16
140,GaussSeidel,11.844,7.76916e-11
140,SymmetricGS,122.786,5.66105e-16
140,SymmetricGS_Chebyshev,153.782,1.03477e-07
141,Jacobi,91.0131,5.66105e-16
141,GaussSeidel,12.0413,7.76916e-11
141,SymmetricGS,124.566,5.66105e-16
141,SymmetricGS_Chebyshev,154.749,1.43912e-08
142,Jacobi,91.6711,5.66105e-16
142,GaussSeidel,11.755,7.76916e-11
142,SymmetricGS,125.1,5.66105e-16
142,SymmetricGS_Chebyshev,156.774,7.53969e-08
143,Jacobi,93.5476,5.66105e-16
143,GaussSeidel,11.7892,7.76916e-11
143,SymmetricGS,126.038,5.66105e-16
143,SymmetricGS_Chebyshev,157.645,2.47881e-08
144,Jacobi,93.5498,5.66105e-16
144,GaussSeidel,11.9126,7.76916e-11
144,SymmetricGS,127.31,5.66105e-16
144,SymmetricGS_Chebyshev,158.517,5.20434e-08
145,Jacobi,93.2988,5.66105e-16
145,GaussSeidel,11.805,7.76916e-11
145,SymmetricGS,127.809,5.66105e-16
145,SymmetricGS_Chebyshev,158.704,2.86161e-08
146,Jacobi,94.5351,5.66105e-16
146,GaussSeidel,11.7942,7.76916e-11
146,SymmetricGS,128.547,5.66105e-16
146,SymmetricGS_Chebyshev,160.711,3.36814e-08
147,Jacobi,94.9277,5.66105e-16
147,GaussSeidel,11.8116,7.76916e-11
147,SymmetricGS,129.269,5.66105e-16
147,SymmetricGS_Chebyshev,160.429,2.80137e-08
148,Jacobi,96.2591,5.66105e-16
148,GaussSeidel,11.8729,7.76916e-11
148,SymmetricGS,130.339,5.66105e-16
148,SymmetricGS_Chebyshev,161.004,1.99719e-08
149,Jacobi,96.6244,5.66105e-16
149,GaussSeidel,11.7473,7.76916e-11
149,SymmetricGS,131.386,5.66105e-16
149,SymmetricGS_Chebyshev,162.249,2.49177e-08
150,Jacobi,96.9951,5.66105e-16
150,GaussSeidel,11.8493,7.76916e-11
150,SymmetricGS,132.274,5.66105e-16
150,SymmetricGS_Chebyshev,163.04,1.02762e-08
151,Jacobi,98.187,5.66105e-16
151,GaussSeidel,11.7422,7.76916e-11
151,SymmetricGS,133.325,5.66105e-16
151,SymmetricGS_Chebyshev,163.725,2.07044e-08
152,Jacobi,98.645,5.66105e-16
152,GaussSeidel,11.8482,7.76916e-11
152,SymmetricGS,133.637,5.66105e-16
152,SymmetricGS_Chebyshev,165.289,3.90627e-09
153,Jacobi,99.5841,5.66105e-16
153,GaussSeidel,11.8193,7.76916e-11
153,SymmetricGS,134.856,5.66105e-16
153,SymmetricGS_Chebyshev,166.531,1.62713e-08
154,Jacobi,99.5594,5.66105e-16
154,GaussSeidel,11.8261,7.76916e-11
154,SymmetricGS,135.171,5.66105e-16
154,SymmetricGS_Chebyshev,166.726,1.34614e-09
155,Jacobi,99.8463,5.66105e-16
155,GaussSeidel,12.0436,7.76916e-11
155,SymmetricGS,136.506,5.66105e-16
155,SymmetricGS_Chebyshev,167.919,1.21511e-08
156,Jacobi,101.331,5.66105e-16
156,GaussSeidel,11.7284,7.76916e-11
156,SymmetricGS,137.109,5.66105e-16
156,SymmetricGS_Chebyshev,168.826,2.8917e-09
157,Jacobi,105.276,5.66105e-16
157,GaussSeidel,11.8204,7.76916e-11
157,SymmetricGS,138.231,5.66105e-16
157,SymmetricGS_Chebyshev,169.503,8.61575e-09
158,Jacobi,101.896,5.66105e-16
158,GaussSeidel,11.8238,7.76916e-11
158,SymmetricGS,139.428,5.66105e-16
158,SymmetricGS_Chebyshev,172.701,3.79693e-09
159,Jacobi,103.164,5.66105e-16
159,GaussSeidel,11.7628,7.76916e-11
159,SymmetricGS,140.432,5.66105e-16
159,SymmetricGS_Chebyshev,170.856,5.76164e-09
160,Jacobi,103.124,5.66105e-16
160,GaussSeidel,11.8146,7.76916e-11
160,SymmetricGS,140.471,5.66105e-16
160,SymmetricGS_Chebyshev,174.152,3.96111e-09
161,Jacobi,104.45,5.66105e-16
161,GaussSeidel,11.7476,7.76916e-11
161,SymmetricGS,141.58,5.66105e-16
161,SymmetricGS_Chebyshev,173.503,3.57654e-09
162,Jacobi,104.614,5.66105e-16
162,GaussSeidel,11.7687,7.76916e-11
162,SymmetricGS,142.715,5.66105e-16
162,SymmetricGS_Chebyshev,173.689,3.66862e-09
163,Jacobi,105.609,5.66105e-16
163,GaussSeidel,11.7905,7.76916e-11
163,SymmetricGS,143.457,5.66105e-16
163,SymmetricGS_Chebyshev,174.537,1.98803e-09
164,Jacobi,106.134,5.66105e-16
164,GaussSeidel,11.7708,7.76916e-11
164,SymmetricGS,144.611,5.66105e-16
164,SymmetricGS_Chebyshev,176.119,3.14215e-09
165,Jacobi,107.013,5.66105e-16
165,GaussSeidel,11.8994,7.76916e-11
165,SymmetricGS,145.411,5.66105e-16
165,SymmetricGS_Chebyshev,177.43,8.99032e-10
166,Jacobi,107.529,5.66105e-16
166,GaussSeidel,11.8315,7.76916e-11
166,SymmetricGS,146.206,5.66105e-16
166,SymmetricGS_Chebyshev,178.747,2.53393e-09
167,Jacobi,107.56,5.66105e-16
167,GaussSeidel,11.7612,7.76916e-11
167,SymmetricGS,146.936,5.66105e-16
167,SymmetricGS_Chebyshev,178.968,2.35598e-10
168,Jacobi,109.313,5.66105e-16
168,GaussSeidel,11.8051,7.76916e-11
168,SymmetricGS,148.21,5.66105e-16
168,SymmetricGS_Chebyshev,179.749,1.93913e-09
169,Jacobi,109.048,5.66105e-16
169,GaussSeidel,11.7693,7.76916e-11
169,SymmetricGS,148.748,5.66105e-16
169,SymmetricGS_Chebyshev,180.46,1.93913e-09
170,Jacobi,110.172,5.66105e-16
170,GaussSeidel,11.9054,7.76916e-11
170,SymmetricGS,149.946,5.66105e-16
170,SymmetricGS_Chebyshev,179.326,1.93913e-09
171,Jacobi,110.152,5.66105e-16
171,GaussSeidel,11.7174,7.76916e-11
171,SymmetricGS,151.095,5.66105e-16
171,SymmetricGS_Chebyshev,179.074,1.93913e-09
172,Jacobi,111.333,5.66105e-16
172,GaussSeidel,11.9063,7.76916e-11
172,SymmetricGS,151.467,5.66105e-16
172,SymmetricGS_Chebyshev,180.665,1.93913e-09
173,Jacobi,112.207,5.66105e-16
173,GaussSeidel,12.086,7.76916e-11
173,SymmetricGS,152.743,5.66105e-16
173,SymmetricGS_Chebyshev,178.613,1.93913e-09
174,Jacobi,112.386,5.66105e-16
174,GaussSeidel,11.955,7.76916e-11
174,SymmetricGS,153.692,5.66105e-16
174,SymmetricGS_Chebyshev,179.896,1.93913e-09
175,Jacobi,113.515,5.66105e-16
175,GaussSeidel,11.8186,7.76916e-11
175,SymmetricGS,154.171,5.66105e-16
175,SymmetricGS_Chebyshev,180.117,1.93913e-09
176,Jacobi,113.608,5.66105e-16
176,GaussSeidel,11.8219,7.76916e-11
176,SymmetricGS,156.05,5.66105e-16
176,SymmetricGS_Chebyshev,179.479,1.93913e-09
177,Jacobi,114.227,5.66105e-16
177,GaussSeidel,11.8092,7.76916e-11
177,SymmetricGS,156.227,5.66105e-16
177,SymmetricGS_Chebyshev,179.941,1.93913e-09
178,Jacobi,114.814,5.66105e-16
178,GaussSeidel,11.8742,7.76916e-11
178,SymmetricGS,156.584,5.66105e-16
178,SymmetricGS_Chebyshev,180.171,1.93913e-09
179,Jacobi,115.58,5.66105e-16
179,GaussSeidel,11.8068,7.76916e-11
179,SymmetricGS,157.521,5.66105e-16
179,SymmetricGS_Chebyshev,180.708,1.93913e-09
180,Jacobi,115.691,5.66105e-16
180,GaussSeidel,12.0125,7.76916e-11
180,SymmetricGS,158.83,5.66105e-16
180,SymmetricGS_Chebyshev,179.539,1.93913e-09
181,Jacobi,117.533,5.66105e-16
181,GaussSeidel,11.8123,7.76916e-11
181,SymmetricGS,160.062,5.66105e-16
181,SymmetricGS_Chebyshev,179.199,1.93913e-09
182,Jacobi,118.447,5.66105e-16
182,GaussSeidel,11.7744,7.76916e-11
182,SymmetricGS,160.532,5.66105e-16
182,SymmetricGS_Chebyshev,180.415,1.93913e-09
183,Jacobi,118.816,5.66105e-16
183,GaussSeidel,11.781,7.76916e-11
183,SymmetricGS,161.494,5.66105e-16
183,SymmetricGS_Chebyshev,178.99,1.93913e-09
184,Jacobi,118.663,5.66105e-16
184,GaussSeidel,12.0111,7.76916e-11
184,SymmetricGS,161.674,5.66105e-16
184,SymmetricGS_Chebyshev,179.676,1.93913e-09
185,Jacobi,120.505,5.66105e-16
185,GaussSeidel,11.8368,7.76916e-11
185,SymmetricGS,163.385,5.66105e-16
185,SymmetricGS_Chebyshev,180.263,1.93913e-09
186,Jacobi,119.973,5.66105e-16
186,GaussSeidel,11.9499,7.76916e-11
186,SymmetricGS,164.081,5.66105e-16
186,SymmetricGS_Chebyshev,179.265,1.93913e-09
187,Jacobi,121.495,5.66105e-16
187,GaussSeidel,11.8509,7.76916e-11
187,SymmetricGS,164.598,5.66105e-16
187,SymmetricGS_Chebyshev,180.561,1.93913e-09
188,Jacobi,122.588,5.66105e-16
188,GaussSeidel,11.8794,7.76916e-11
188,SymmetricGS,165.306,5.66105e-16
188,SymmetricGS_Chebyshev,179.217,1.93913e-09
189,Jacobi,122.227,5.66105e-16
189,GaussSeidel,11.7616,7.76916e-11
189,SymmetricGS,166.609,5.66105e-16
189,SymmetricGS_Chebyshev,179.887,1.93913e-09
190,Jacobi,122.937,5.66105e-16
190,GaussSeidel,11.8294,7.76916e-11
190,SymmetricGS,167.295,5.66105e-16
190,SymmetricGS_Chebyshev,178.901,1.93913e-09
191,Jacobi,123.356,5.66105e-16
191,GaussSeidel,11.868,7.76916e-11
191,SymmetricGS,168.36,5.66105e-16
191,SymmetricGS_Chebyshev,178.829,1.93913e-09
192,Jacobi,124.689,5.66105e-16
192,GaussSeidel,11.8079,7.76916e-11
192,SymmetricGS,168.711,5.66105e-16
192,SymmetricGS_Chebyshev,179.977,1.93913e-09
193,Jacobi,124.618,5.66105e-16
193,GaussSeidel,11.8099,7.76916e-11
193,SymmetricGS,169.981,5.66105e-16
193,SymmetricGS_Chebyshev,178.574,1.93913e-09
194,Jacobi,125.057,5.66105e-16
194,GaussSeidel,11.8406,7.76916e-11
194,SymmetricGS,170.122,5.66105e-16
194,SymmetricGS_Chebyshev,179.846,1.93913e-09
195,Jacobi,126.365,5.66105e-16
195,GaussSeidel,11.7833,7.76916e-11
195,SymmetricGS,171.781,5.66105e-16
195,SymmetricGS_Chebyshev,179.862,1.93913e-09
196,Jacobi,126.579,5.66105e-16
196,GaussSeidel,11.7925,7.76916e-11
196,SymmetricGS,172.24,5.66105e-16
196,SymmetricGS_Chebyshev,179.626,1.93913e-09
197,Jacobi,126.558,5.66105e-16
197,GaussSeidel,11.7844,7.76916e-11
197,SymmetricGS,174.061,5.66105e-16
197,SymmetricGS_Chebyshev,179.272,1.93913e-09
198,Jacobi,127.785,5.66105e-16
198,GaussSeidel,11.8277,7.76916e-11
198,SymmetricGS,174.435,5.66105e-16
198,SymmetricGS_Chebyshev,179.055,1.93913e-09
199,Jacobi,129.036,5.66105e-16
199,GaussSeidel,11.7942,7.76916e-11
199,SymmetricGS,175.064,5.66105e-16
199,SymmetricGS_Chebyshev,180.044,1.93913e-09
200,Jacobi,129.441,5.66105e-16
200,GaussSeidel,11.8892,7.76916e-11
200,SymmetricGS,176.086,5.66105e-16
200,SymmetricGS_Chebyshev,179.102,1.93913e-09
201,Jacobi,130.563,5.66105e-16
201,GaussSeidel,11.7535,7.76916e-11
201,SymmetricGS,176.499,5.66105e-16
201,SymmetricGS_Chebyshev,179.393,1.93913e-09
202,Jacobi,131.263,5.66105e-16
202,GaussSeidel,11.8511,7.76916e-11
202,SymmetricGS,177.676,5.66105e-16
202,SymmetricGS_Chebyshev,180.982,1.93913e-09
203,Jacobi,131.464,5.66105e-16
203,GaussSeidel,11.9866,7.76916e-11
203,SymmetricGS,179.076,5.66105e-16
203,SymmetricGS_Chebyshev,179.527,1.93913e-09
204,Jacobi,132.283,5.66105e-16
204,GaussSeidel,11.8668,7.76916e-11
204,SymmetricGS,180.016,5.66105e-16
204,SymmetricGS_Chebyshev,179.929,1.93913e-09
205,Jacobi,132.369,5.66105e-16
205,GaussSeidel,11.7896,7.76916e-11
205,SymmetricGS,180.392,5.66105e-16
205,SymmetricGS_Chebyshev,179.342,1.93913e-09
206,Jacobi,133.577,5.66105e-16
206,GaussSeidel,11.7123,7.76916e-11
206,SymmetricGS,181.927,5.66105e-16
206,SymmetricGS_Chebyshev,180.205,1.93913e-09
207,Jacobi,133.535,5.66105e-16
207,GaussSeidel,11.9455,7.76916e-11
207,SymmetricGS,182.207,5.66105e-16
207,SymmetricGS_Chebyshev,180.332,1.93913e-09
208,Jacobi,135.05,5.66105e-16
208,GaussSeidel,11.8418,7.76916e-11
208,SymmetricGS,183.266,5.66105e-16
208,SymmetricGS_Chebyshev,179.422,1.93913e-09
209,Jacobi,135.814,5.66105e-16
209,GaussSeidel,11.7751,7.76916e-11
209,SymmetricGS,184.131,5.66105e-16
209,SymmetricGS_Chebyshev,181.018,1.93913e-09
210,Jacobi,136.133,5.66105e-16
210,GaussSeidel,11.7899,7.76916e-11
210,SymmetricGS,185.284,5.66105e-16
210,SymmetricGS_Chebyshev,179.038,1.93913e-09
211,Jacobi,137.613,5.66105e-16
211,GaussSeidel,12.0591,7.76916e-11
211,SymmetricGS,186.278,5.66105e-16
211,SymmetricGS_Chebyshev,180.014,1.93913e-09
212,Jacobi,137.046,5.66105e-16
212,GaussSeidel,11.8165,7.76916e-11
212,SymmetricGS,187.064,5.66105e-16
212,SymmetricGS_Chebyshev,179.492,1.93913e-09
213,Jacobi,139.711,5.66105e-16
213,GaussSeidel,11.751,7.76916e-11
213,SymmetricGS,187.418,5.66105e-16
213,SymmetricGS_Chebyshev,178.965,1.93913e-09
214,Jacobi,138.296,5.66105e-16
214,GaussSeidel,11.7766,7.76916e-11
214,SymmetricGS,188.651,5.66105e-16
214,SymmetricGS_Chebyshev,179.441,1.93913e-09
215,Jacobi,139.352,5.66105e-16
215,GaussSeidel,11.7093,7.76916e-11
215,SymmetricGS,189.004,5.66105e-16
215,SymmetricGS_Chebyshev,179.788,1.93913e-09
216,Jacobi,140.135,5.66105e-16
216,GaussSeidel,11.8076,7.76916e-11
216,SymmetricGS,189.887,5.66105e-16
216,SymmetricGS_Chebyshev,179.265,1.93913e-09
217,Jacobi,140.358,5.66105e-16
217,GaussSeidel,11.8829,7.76916e-11
217,SymmetricGS,191.345,5.66105e-16
217,SymmetricGS_Chebyshev,179.947,1.93913e-09
218,Jacobi,149.877,5.66105e-16
218,GaussSeidel,12.6887,7.76916e-11
218,SymmetricGS,202.86,5.66105e-16
218,SymmetricGS_Chebyshev,190.047,1.93913e-09
219,Jacobi,151.179,5.66105e-16
219,GaussSeidel,12.6137,7.76916e-11
219,SymmetricGS,203.773,5.66105e-16
219,SymmetricGS_Chebyshev,189.659,1.93913e-09
220,Jacobi,151.575,5.66105e-16
220,GaussSeidel,12.614,7.76916e-11
220,SymmetricGS,203.985,5.66105e-16
220,SymmetricGS_Chebyshev,189.996,1.93913e-09
221,Jacobi,153.034,5.66105e-16
221,GaussSeidel,12.6551,7.76916e-11
221,SymmetricGS,205.785,5.66105e-16
221,SymmetricGS_Chebyshev,189.817,1.93913e-09
222,Jacobi,153.193,5.66105e-16
222,GaussSeidel,12.522,7.76916e-11
222,SymmetricGS,205.885,5.66105e-16
222,SymmetricGS_Chebyshev,189.91,1.93913e-09
223,Jacobi,154.382,5.66105e-16
223,GaussSeidel,12.5615,7.76916e-11
223,SymmetricGS,206.692,5.66105e-16
223,SymmetricGS_Chebyshev,189.269,1.93913e-09
224,Jacobi,155.059,5.66105e-16
224,GaussSeidel,12.643,7.76916e-11
224,SymmetricGS,207.461,5.66105e-16
224,SymmetricGS_Chebyshev,189.734,1.93913e-09
225,Jacobi,155.796,5.66105e-16
225,GaussSeidel,12.734,7.76916e-11
225,SymmetricGS,208.81,5.66105e-16
225,SymmetricGS_Chebyshev,189.762,1.93913e-09
226,Jacobi,156.3,5.66105e-16
226,GaussSeidel,12.5422,7.76916e-11
226,SymmetricGS,210.078,5.66105e-16
226,SymmetricGS_Chebyshev,194.175,1.93913e-09
227,Jacobi,152.021,5.66105e-16
227,GaussSeidel,12.1266,7.76916e-11
227,SymmetricGS,206.419,5.66105e-16
227,SymmetricGS_Chebyshev,184.132,1.93913e-09
228,Jacobi,151.05,5.66105e-16
228,GaussSeidel,12.03,7.76916e-11
228,SymmetricGS,202.638,5.66105e-16
228,SymmetricGS_Chebyshev,179.547,1.93913e-09
229,Jacobi,148.827,5.66105e-16
229,GaussSeidel,11.746,7.76916e-11
229,SymmetricGS,201.916,5.66105e-16
229,SymmetricGS_Chebyshev,182.301,1.93913e-09
230,Jacobi,148.79,5.66105e-16
230,GaussSeidel,11.8499,7.76916e-11
230,SymmetricGS,202.136,5.66105e-16
230,SymmetricGS_Chebyshev,180.145,1.93913e-09
231,Jacobi,149.308,5.66105e-16
231,GaussSeidel,11.8771,7.76916e-11
231,SymmetricGS,203.078,5.66105e-16
231,SymmetricGS_Chebyshev,179.923,1.93913e-09
232,Jacobi,149.991,5.66105e-16
232,GaussSeidel,11.745,7.76916e-11
232,SymmetricGS,205.195,5.66105e-16
232,SymmetricGS_Chebyshev,180.133,1.93913e-09
233,Jacobi,150.886,5.66105e-16
233,GaussSeidel,11.7627,7.76916e-11
233,SymmetricGS,205.062,5.66105e-16
233,SymmetricGS_Chebyshev,179.285,1.93913e-09
234,Jacobi,151.489,5.66105e-16
234,GaussSeidel,11.8228,7.76916e-11
234,SymmetricGS,206.35,5.66105e-16
234,SymmetricGS_Chebyshev,179.967,1.93913e-09
235,Jacobi,152.017,5.66105e-16
235,GaussSeidel,11.9375,7.76916e-11
235,SymmetricGS,206.742,5.66105e-16
235,SymmetricGS_Chebyshev,179.194,1.93913e-09
236,Jacobi,152.353,5.66105e-16
236,GaussSeidel,11.834,7.76916e-11
236,SymmetricGS,207.911,5.66105e-16
236,SymmetricGS_Chebyshev,180.866,1.93913e-09
237,Jacobi,154.124,5.66105e-16
237,GaussSeidel,11.9096,7.76916e-11
237,SymmetricGS,208.99,5.66105e-16
237,SymmetricGS_Chebyshev,180.046,1.93913e-09
238,Jacobi,153.309,5.66105e-16
238,GaussSeidel,11.6814,7.76916e-11
238,SymmetricGS,209.28,5.66105e-16
238,SymmetricGS_Chebyshev,179.977,1.93913e-09
239,Jacobi,154.762,5.66105e-16
239,GaussSeidel,11.7343,7.76916e-11
239,SymmetricGS,210.73,5.66105e-16
239,SymmetricGS_Chebyshev,179.822,1.93913e-09
240,Jacobi,155.698,5.66105e-16
240,GaussSeidel,12.0141,7.76916e-11
240,SymmetricGS,211.327,5.66105e-16
240,SymmetricGS_Chebyshev,179.437,1.93913e-09
241,Jacobi,155.701,5.66105e-16
241,GaussSeidel,11.7843,7.76916e-11
241,SymmetricGS,212.619,5.66105e-16
241,SymmetricGS_Chebyshev,179.187,1.93913e-09
242,Jacobi,157.522,5.66105e-16
242,GaussSeidel,11.9019,7.76916e-11
242,SymmetricGS,213.279,5.66105e-16
242,SymmetricGS_Chebyshev,179.233,1.93913e-09
243,Jacobi,156.466,5.66105e-16
243,GaussSeidel,11.7515,7.76916e-11
243,SymmetricGS,213.913,5.66105e-16
243,SymmetricGS_Chebyshev,180.58,1.93913e-09
244,Jacobi,157.825,5.66105e-16
244,GaussSeidel,11.7997,7.76916e-11
244,SymmetricGS,215.003,5.66105e-16
244,SymmetricGS_Chebyshev,179.742,1.93913e-09
245,Jacobi,158.854,5.66105e-16
245,GaussSeidel,11.7876,7.76916e-11
245,SymmetricGS,215.493,5.66105e-16
245,SymmetricGS_Chebyshev,180.703,1.93913e-09
246,Jacobi,159.704,5.66105e-16
246,GaussSeidel,11.8052,7.76916e-11
246,SymmetricGS,216.524,5.66105e-16
246,SymmetricGS_Chebyshev,179.064,1.93913e-09
247,Jacobi,160.518,5.66105e-16
247,GaussSeidel,11.6798,7.76916e-11
247,SymmetricGS,217.504,5.66105e-16
247,SymmetricGS_Chebyshev,179.299,1.93913e-09
248,Jacobi,161.619,5.66105e-16
248,GaussSeidel,11.7705,7.76916e-11
248,SymmetricGS,218.392,5.66105e-16
248,SymmetricGS_Chebyshev,180.306,1.93913e-09
249,Jacobi,160.977,5.66105e-16
249,GaussSeidel,11.8141,7.76916e-11
249,SymmetricGS,221.383,5.66105e-16
249,SymmetricGS_Chebyshev,179.643,1.93913e-09
250,Jacobi,163.221,5.66105e-16
250,GaussSeidel,11.813,7.76916e-11
250,SymmetricGS,221.974,5.66105e-16
250,SymmetricGS_Chebyshev,182.039,1.93913e-09
